HOME_CODE,HOME_TEAM,DATE,TIME,AWAY_CODE,AWAY_TEAM,LOCATION,HASHTAG,TVSHEDULE,TICKETS,MATCHCENTRE,HOME_TICKETS,HOME_SHOP,HOME_TWITTER,AWAY_TICKETS,AWAY_SHOP,AWAY_TWITTER
LIV,Liverpool,09-08-2019,20:00:00,NOR,Norwich City,"Anfield, Liverpool",#LIVNOR,,,,,,,,,
BOU,Bournemouth,10-08-2019,15:00:00,SUN,Sheffield United,"Vitality Stadium, Bournemouth",#BOUSUN,,,,,,,,,
BUR,Burnley,10-08-2019,15:00:00,SOU,Southampton,"Turf Moor, Burnley",#BURSOU,,,,,,,,,
CRY,Crystal Palace,10-08-2019,15:00:00,EVE,Everton,"Selhurst Park, London",#CRYEVE,,,,,,,,,
LEI,Leicester City,10-08-2019,15:00:00,WOL,Wolverhampton Wanderers,"King Power Stadium, Leicester",#LEIWOL,,,,,,,,,
TOT,Tottenham Hotspur,10-08-2019,17:30:00,VIL,Aston Villa,"Tottenham Hotspur Stadium, London",#TOTVIL,,,,,,,,,
WAT,Watford,10-08-2019,15:00:00,BHA,Brighton & Hove Albion,"Vicarage Road, Watford",#WATBHA,,,,,,,,,
WHU,West Ham United,10-08-2019,12:30:00,MCI,Manchester City,"London Stadium, London",#WHUMCI,,,,,,,,,
MUN,Manchester United,11-08-2019,16:30:00,CHE,Chelsea,"Old Trafford, Manchester",#MUNCHE,,,,,,,,,
NEW,Newcastle United,11-08-2019,14:00:00,ARS,Arsenal,"St. James' Park, Newcastle",#NEWARS,,,,,,,,,
ARS,Arsenal,17-08-2019,15:00:00,BUR,Burnley,"Emirates Stadium, London",#ARSBUR,,,,,,,,,
VIL,Aston Villa,17-08-2019,15:00:00,BOU,Bournemouth,"Villa Park, Birmingham",#VILBOU,,,,,,,,,
BHA,Brighton & Hove Albion,17-08-2019,15:00:00,WHU,West Ham United,"Amex Stadium, Falmer",#BHAWHU,,,,,,,,,
CHE,Chelsea,17-08-2019,15:00:00,LEI,Leicester City,"Stamford Bridge, London",#CHELEI,,,,,,,,,
EVE,Everton,17-08-2019,15:00:00,WAT,Watford,"Goodison Park, Liverpool",#EVEWAT,,,,,,,,,
MCI,Manchester City,17-08-2019,15:00:00,TOT,Tottenham Hotspur,"Etihad Stadium, Manchester",#MCITOT,,,,,,,,,
NOR,Norwich City,17-08-2019,15:00:00,NEW,Newcastle United,"Carrow Road, Norwich",#NORNEW,,,,,,,,,
SUN,Sheffield United,17-08-2019,15:00:00,CRY,Crystal Palace,"Bramall Lane, Sheffield",#SUNCRY,,,,,,,,,
SOU,Southampton,17-08-2019,15:00:00,LIV,Liverpool,"St. Mary's Stadium, Southampton",#SOULIV,,,,,,,,,
WOL,Wolverhampton Wanderers,17-08-2019,15:00:00,MUN,Manchester United,"Molineux Stadium, Wolverhampton",#WOLMUN,,,,,,,,,
VIL,Aston Villa,24-08-2019,15:00:00,EVE,Everton,"Villa Park, Birmingham",#VILEVE,,,,,,,,,
BOU,Bournemouth,24-08-2019,15:00:00,MCI,Manchester City,"Vitality Stadium, Bournemouth",#BOUMCI,,,,,,,,,
BHA,Brighton & Hove Albion,24-08-2019,15:00:00,SOU,Southampton,"Amex Stadium, Falmer",#BHASOU,,,,,,,,,
LIV,Liverpool,24-08-2019,15:00:00,ARS,Arsenal,"Anfield, Liverpool",#LIVARS,,,,,,,,,
MUN,Manchester United,24-08-2019,15:00:00,CRY,Crystal Palace,"Old Trafford, Manchester",#MUNCRY,,,,,,,,,
NOR,Norwich City,24-08-2019,15:00:00,CHE,Chelsea,"Carrow Road, Norwich",#NORCHE,,,,,,,,,
SUN,Sheffield United,24-08-2019,15:00:00,LEI,Leicester City,"Bramall Lane, Sheffield",#SUNLEI,,,,,,,,,
TOT,Tottenham Hotspur,24-08-2019,15:00:00,NEW,Newcastle United,"Tottenham Hotspur Stadium, London",#TOTNEW,,,,,,,,,
WAT,Watford,24-08-2019,15:00:00,WHU,West Ham United,"Vicarage Road, Watford",#WATWHU,,,,,,,,,
WOL,Wolverhampton Wanderers,24-08-2019,15:00:00,BUR,Burnley,"Molineux Stadium, Wolverhampton",#WOLBUR,,,,,,,,,
ARS,Arsenal,31-08-2019,15:00:00,TOT,Tottenham Hotspur,"Emirates Stadium, London",#ARSTOT,,,,,,,,,
BUR,Burnley,31-08-2019,15:00:00,LIV,Liverpool,"Turf Moor, Burnley",#BURLIV,,,,,,,,,
CHE,Chelsea,31-08-2019,15:00:00,SUN,Sheffield United,"Stamford Bridge, London",#CHESUN,,,,,,,,,
CRY,Crystal Palace,31-08-2019,15:00:00,VIL,Aston Villa,"Selhurst Park, London",#CRYVIL,,,,,,,,,
EVE,Everton,31-08-2019,15:00:00,WOL,Wolverhampton Wanderers,"Goodison Park, Liverpool",#EVEWOL,,,,,,,,,
LEI,Leicester City,31-08-2019,15:00:00,BOU,Bournemouth,"King Power Stadium, Leicester",#LEIBOU,,,,,,,,,
MCI,Manchester City,31-08-2019,15:00:00,BHA,Brighton & Hove Albion,"Etihad Stadium, Manchester",#MCIBHA,,,,,,,,,
NEW,Newcastle United,31-08-2019,15:00:00,WAT,Watford,"St. James' Park, Newcastle",#NEWWAT,,,,,,,,,
SOU,Southampton,31-08-2019,15:00:00,MUN,Manchester United,"St. Mary's Stadium, Southampton",#SOUMUN,,,,,,,,,
WHU,West Ham United,31-08-2019,15:00:00,NOR,Norwich City,"London Stadium, London",#WHUNOR,,,,,,,,,
VIL,Aston Villa,14-09-2019,15:00:00,WHU,West Ham United,"Villa Park, Birmingham",#VILWHU,,,,,,,,,
BOU,Bournemouth,14-09-2019,15:00:00,EVE,Everton,"Vitality Stadium, Bournemouth",#BOUEVE,,,,,,,,,
BHA,Brighton & Hove Albion,14-09-2019,15:00:00,BUR,Burnley,"Amex Stadium, Falmer",#BHABUR,,,,,,,,,
LIV,Liverpool,14-09-2019,15:00:00,NEW,Newcastle United,"Anfield, Liverpool",#LIVNEW,,,,,,,,,
MUN,Manchester United,14-09-2019,15:00:00,LEI,Leicester City,"Old Trafford, Manchester",#MUNLEI,,,,,,,,,
NOR,Norwich City,14-09-2019,15:00:00,MCI,Manchester City,"Carrow Road, Norwich",#NORMCI,,,,,,,,,
SUN,Sheffield United,14-09-2019,15:00:00,SOU,Southampton,"Bramall Lane, Sheffield",#SUNSOU,,,,,,,,,
TOT,Tottenham Hotspur,14-09-2019,15:00:00,CRY,Crystal Palace,"Tottenham Hotspur Stadium, London",#TOTCRY,,,,,,,,,
WAT,Watford,14-09-2019,15:00:00,ARS,Arsenal,"Vicarage Road, Watford",#WATARS,,,,,,,,,
WOL,Wolverhampton Wanderers,14-09-2019,15:00:00,CHE,Chelsea,"Molineux Stadium, Wolverhampton",#WOLCHE,,,,,,,,,
ARS,Arsenal,21-09-2019,15:00:00,VIL,Aston Villa,"Emirates Stadium, London",#ARSVIL,,,,,,,,,
BUR,Burnley,21-09-2019,15:00:00,NOR,Norwich City,"Turf Moor, Burnley",#BURNOR,,,,,,,,,
CHE,Chelsea,21-09-2019,15:00:00,LIV,Liverpool,"Stamford Bridge, London",#CHELIV,,,,,,,,,
CRY,Crystal Palace,21-09-2019,15:00:00,WOL,Wolverhampton Wanderers,"Selhurst Park, London",#CRYWOL,,,,,,,,,
EVE,Everton,21-09-2019,15:00:00,SUN,Sheffield United,"Goodison Park, Liverpool",#EVESUN,,,,,,,,,
LEI,Leicester City,21-09-2019,15:00:00,TOT,Tottenham Hotspur,"King Power Stadium, Leicester",#LEITOT,,,,,,,,,
MCI,Manchester City,21-09-2019,15:00:00,WAT,Watford,"Etihad Stadium, Manchester",#MCIWAT,,,,,,,,,
NEW,Newcastle United,21-09-2019,15:00:00,BHA,Brighton & Hove Albion,"St. James' Park, Newcastle",#NEWBHA,,,,,,,,,
SOU,Southampton,21-09-2019,15:00:00,BOU,Bournemouth,"St. Mary's Stadium, Southampton",#SOUBOU,,,,,,,,,
WHU,West Ham United,21-09-2019,15:00:00,MUN,Manchester United,"London Stadium, London",#WHUMUN,,,,,,,,,
VIL,Aston Villa,28-09-2019,15:00:00,BUR,Burnley,"Villa Park, Birmingham",#VILBUR,,,,,,,,,
BOU,Bournemouth,28-09-2019,15:00:00,WHU,West Ham United,"Vitality Stadium, Bournemouth",#BOUWHU,,,,,,,,,
CHE,Chelsea,28-09-2019,15:00:00,BHA,Brighton & Hove Albion,"Stamford Bridge, London",#CHEBHA,,,,,,,,,
CRY,Crystal Palace,28-09-2019,15:00:00,NOR,Norwich City,"Selhurst Park, London",#CRYNOR,,,,,,,,,
EVE,Everton,28-09-2019,15:00:00,MCI,Manchester City,"Goodison Park, Liverpool",#EVEMCI,,,,,,,,,
LEI,Leicester City,28-09-2019,15:00:00,NEW,Newcastle United,"King Power Stadium, Leicester",#LEINEW,,,,,,,,,
MUN,Manchester United,28-09-2019,15:00:00,ARS,Arsenal,"Old Trafford, Manchester",#MUNARS,,,,,,,,,
SUN,Sheffield United,28-09-2019,15:00:00,LIV,Liverpool,"Bramall Lane, Sheffield",#SUNLIV,,,,,,,,,
TOT,Tottenham Hotspur,28-09-2019,15:00:00,SOU,Southampton,"Tottenham Hotspur Stadium, London",#TOTSOU,,,,,,,,,
WOL,Wolverhampton Wanderers,28-09-2019,15:00:00,WAT,Watford,"Molineux Stadium, Wolverhampton",#WOLWAT,,,,,,,,,
ARS,Arsenal,05-10-2019,15:00:00,BOU,Bournemouth,"Emirates Stadium, London",#ARSBOU,,,,,,,,,
BHA,Brighton & Hove Albion,05-10-2019,15:00:00,TOT,Tottenham Hotspur,"Amex Stadium, Falmer",#BHATOT,,,,,,,,,
BUR,Burnley,05-10-2019,15:00:00,EVE,Everton,"Turf Moor, Burnley",#BUREVE,,,,,,,,,
LIV,Liverpool,05-10-2019,15:00:00,LEI,Leicester City,"Anfield, Liverpool",#LIVLEI,,,,,,,,,
MCI,Manchester City,05-10-2019,15:00:00,WOL,Wolverhampton Wanderers,"Etihad Stadium, Manchester",#MCIWOL,,,,,,,,,
NEW,Newcastle United,05-10-2019,15:00:00,MUN,Manchester United,"St. James' Park, Newcastle",#NEWMUN,,,,,,,,,
NOR,Norwich City,05-10-2019,15:00:00,VIL,Aston Villa,"Carrow Road, Norwich",#NORVIL,,,,,,,,,
SOU,Southampton,05-10-2019,15:00:00,CHE,Chelsea,"St. Mary's Stadium, Southampton",#SOUCHE,,,,,,,,,
WAT,Watford,05-10-2019,15:00:00,SUN,Sheffield United,"Vicarage Road, Watford",#WATSUN,,,,,,,,,
WHU,West Ham United,05-10-2019,15:00:00,CRY,Crystal Palace,"London Stadium, London",#WHUCRY,,,,,,,,,
VIL,Aston Villa,19-10-2019,15:00:00,BHA,Brighton & Hove Albion,"Villa Park, Birmingham",#VILBHA,,,,,,,,,
BOU,Bournemouth,19-10-2019,15:00:00,NOR,Norwich City,"Vitality Stadium, Bournemouth",#BOUNOR,,,,,,,,,
CHE,Chelsea,19-10-2019,15:00:00,NEW,Newcastle United,"Stamford Bridge, London",#CHENEW,,,,,,,,,
CRY,Crystal Palace,19-10-2019,15:00:00,MCI,Manchester City,"Selhurst Park, London",#CRYMCI,,,,,,,,,
EVE,Everton,19-10-2019,15:00:00,WHU,West Ham United,"Goodison Park, Liverpool",#EVEWHU,,,,,,,,,
LEI,Leicester City,19-10-2019,15:00:00,BUR,Burnley,"King Power Stadium, Leicester",#LEIBUR,,,,,,,,,
MUN,Manchester United,19-10-2019,15:00:00,LIV,Liverpool,"Old Trafford, Manchester",#MUNLIV,,,,,,,,,
SUN,Sheffield United,19-10-2019,15:00:00,ARS,Arsenal,"Bramall Lane, Sheffield",#SUNARS,,,,,,,,,
TOT,Tottenham Hotspur,19-10-2019,15:00:00,WAT,Watford,"Tottenham Hotspur Stadium, London",#TOTWAT,,,,,,,,,
WOL,Wolverhampton Wanderers,19-10-2019,15:00:00,SOU,Southampton,"Molineux Stadium, Wolverhampton",#WOLSOU,,,,,,,,,
ARS,Arsenal,26-10-2019,15:00:00,CRY,Crystal Palace,"Emirates Stadium, London",#ARSCRY,,,,,,,,,
BHA,Brighton & Hove Albion,26-10-2019,15:00:00,EVE,Everton,"Amex Stadium, Falmer",#BHAEVE,,,,,,,,,
BUR,Burnley,26-10-2019,15:00:00,CHE,Chelsea,"Turf Moor, Burnley",#BURCHE,,,,,,,,,
LIV,Liverpool,26-10-2019,15:00:00,TOT,Tottenham Hotspur,"Anfield, Liverpool",#LIVTOT,,,,,,,,,
MCI,Manchester City,26-10-2019,15:00:00,VIL,Aston Villa,"Etihad Stadium, Manchester",#MCIVIL,,,,,,,,,
NEW,Newcastle United,26-10-2019,15:00:00,WOL,Wolverhampton Wanderers,"St. James' Park, Newcastle",#NEWWOL,,,,,,,,,
NOR,Norwich City,26-10-2019,15:00:00,MUN,Manchester United,"Carrow Road, Norwich",#NORMUN,,,,,,,,,
SOU,Southampton,26-10-2019,15:00:00,LEI,Leicester City,"St. Mary's Stadium, Southampton",#SOULEI,,,,,,,,,
WAT,Watford,26-10-2019,15:00:00,BOU,Bournemouth,"Vicarage Road, Watford",#WATBOU,,,,,,,,,
WHU,West Ham United,26-10-2019,15:00:00,SUN,Sheffield United,"London Stadium, London",#WHUSUN,,,,,,,,,
ARS,Arsenal,02-11-2019,14:00:00,WOL,Wolverhampton Wanderers,"Emirates Stadium, London",#ARSWOL,,,,,,,,,
VIL,Aston Villa,02-11-2019,14:00:00,LIV,Liverpool,"Villa Park, Birmingham",#VILLIV,,,,,,,,,
BOU,Bournemouth,02-11-2019,14:00:00,MUN,Manchester United,"Vitality Stadium, Bournemouth",#BOUMUN,,,,,,,,,
BHA,Brighton & Hove Albion,02-11-2019,14:00:00,NOR,Norwich City,"Amex Stadium, Falmer",#BHANOR,,,,,,,,,
CRY,Crystal Palace,02-11-2019,14:00:00,LEI,Leicester City,"Selhurst Park, London",#CRYLEI,,,,,,,,,
EVE,Everton,02-11-2019,14:00:00,TOT,Tottenham Hotspur,"Goodison Park, Liverpool",#EVETOT,,,,,,,,,
MCI,Manchester City,02-11-2019,14:00:00,SOU,Southampton,"Etihad Stadium, Manchester",#MCISOU,,,,,,,,,
SUN,Sheffield United,02-11-2019,14:00:00,BUR,Burnley,"Bramall Lane, Sheffield",#SUNBUR,,,,,,,,,
WAT,Watford,02-11-2019,14:00:00,CHE,Chelsea,"Vicarage Road, Watford",#WATCHE,,,,,,,,,
WHU,West Ham United,02-11-2019,14:00:00,NEW,Newcastle United,"London Stadium, London",#WHUNEW,,,,,,,,,
BUR,Burnley,09-11-2019,14:00:00,WHU,West Ham United,"Turf Moor, Burnley",#BURWHU,,,,,,,,,
CHE,Chelsea,09-11-2019,14:00:00,CRY,Crystal Palace,"Stamford Bridge, London",#CHECRY,,,,,,,,,
LEI,Leicester City,09-11-2019,14:00:00,ARS,Arsenal,"King Power Stadium, Leicester",#LEIARS,,,,,,,,,
LIV,Liverpool,09-11-2019,14:00:00,MCI,Manchester City,"Anfield, Liverpool",#LIVMCI,,,,,,,,,
MUN,Manchester United,09-11-2019,14:00:00,BHA,Brighton & Hove Albion,"Old Trafford, Manchester",#MUNBHA,,,,,,,,,
NEW,Newcastle United,09-11-2019,14:00:00,BOU,Bournemouth,"St. James' Park, Newcastle",#NEWBOU,,,,,,,,,
NOR,Norwich City,09-11-2019,14:00:00,WAT,Watford,"Carrow Road, Norwich",#NORWAT,,,,,,,,,
SOU,Southampton,09-11-2019,14:00:00,EVE,Everton,"St. Mary's Stadium, Southampton",#SOUEVE,,,,,,,,,
TOT,Tottenham Hotspur,09-11-2019,14:00:00,SUN,Sheffield United,"Tottenham Hotspur Stadium, London",#TOTSUN,,,,,,,,,
WOL,Wolverhampton Wanderers,09-11-2019,14:00:00,VIL,Aston Villa,"Molineux Stadium, Wolverhampton",#WOLVIL,,,,,,,,,
ARS,Arsenal,23-11-2019,14:00:00,SOU,Southampton,"Emirates Stadium, London",#ARSSOU,,,,,,,,,
VIL,Aston Villa,23-11-2019,14:00:00,NEW,Newcastle United,"Villa Park, Birmingham",#VILNEW,,,,,,,,,
BOU,Bournemouth,23-11-2019,14:00:00,WOL,Wolverhampton Wanderers,"Vitality Stadium, Bournemouth",#BOUWOL,,,,,,,,,
BHA,Brighton & Hove Albion,23-11-2019,14:00:00,LEI,Leicester City,"Amex Stadium, Falmer",#BHALEI,,,,,,,,,
CRY,Crystal Palace,23-11-2019,14:00:00,LIV,Liverpool,"Selhurst Park, London",#CRYLIV,,,,,,,,,
EVE,Everton,23-11-2019,14:00:00,NOR,Norwich City,"Goodison Park, Liverpool",#EVENOR,,,,,,,,,
MCI,Manchester City,23-11-2019,14:00:00,CHE,Chelsea,"Etihad Stadium, Manchester",#MCICHE,,,,,,,,,
SUN,Sheffield United,23-11-2019,14:00:00,MUN,Manchester United,"Bramall Lane, Sheffield",#SUNMUN,,,,,,,,,
WAT,Watford,23-11-2019,14:00:00,BUR,Burnley,"Vicarage Road, Watford",#WATBUR,,,,,,,,,
WHU,West Ham United,23-11-2019,14:00:00,TOT,Tottenham Hotspur,"London Stadium, London",#WHUTOT,,,,,,,,,
BUR,Burnley,30-11-2019,14:00:00,CRY,Crystal Palace,"Turf Moor, Burnley",#BURCRY,,,,,,,,,
CHE,Chelsea,30-11-2019,14:00:00,WHU,West Ham United,"Stamford Bridge, London",#CHEWHU,,,,,,,,,
LEI,Leicester City,30-11-2019,14:00:00,EVE,Everton,"King Power Stadium, Leicester",#LEIEVE,,,,,,,,,
LIV,Liverpool,30-11-2019,14:00:00,BHA,Brighton & Hove Albion,"Anfield, Liverpool",#LIVBHA,,,,,,,,,
MUN,Manchester United,30-11-2019,14:00:00,VIL,Aston Villa,"Old Trafford, Manchester",#MUNVIL,,,,,,,,,
NEW,Newcastle United,30-11-2019,14:00:00,MCI,Manchester City,"St. James' Park, Newcastle",#NEWMCI,,,,,,,,,
NOR,Norwich City,30-11-2019,14:00:00,ARS,Arsenal,"Carrow Road, Norwich",#NORARS,,,,,,,,,
SOU,Southampton,30-11-2019,14:00:00,WAT,Watford,"St. Mary's Stadium, Southampton",#SOUWAT,,,,,,,,,
TOT,Tottenham Hotspur,30-11-2019,14:00:00,BOU,Bournemouth,"Tottenham Hotspur Stadium, London",#TOTBOU,,,,,,,,,
WOL,Wolverhampton Wanderers,30-11-2019,14:00:00,SUN,Sheffield United,"Molineux Stadium, Wolverhampton",#WOLSUN,,,,,,,,,
ARS,Arsenal,03-12-2019,18:45:00,BHA,Brighton & Hove Albion,"Emirates Stadium, London",#ARSBHA,,,,,,,,,
BUR,Burnley,03-12-2019,18:45:00,MCI,Manchester City,"Turf Moor, Burnley",#BURMCI,,,,,,,,,
LEI,Leicester City,03-12-2019,18:45:00,WAT,Watford,"King Power Stadium, Leicester",#LEIWAT,,,,,,,,,
MUN,Manchester United,03-12-2019,19:00:00,TOT,Tottenham Hotspur,"Old Trafford, Manchester",#MUNTOT,,,,,,,,,
SUN,Sheffield United,03-12-2019,18:45:00,NEW,Newcastle United,"Bramall Lane, Sheffield",#SUNNEW,,,,,,,,,
WOL,Wolverhampton Wanderers,03-12-2019,18:45:00,WHU,West Ham United,"Molineux Stadium, Wolverhampton",#WOLWHU,,,,,,,,,
CHE,Chelsea,04-12-2019,18:45:00,VIL,Aston Villa,"Stamford Bridge, London",#CHEVIL,,,,,,,,,
CRY,Crystal Palace,04-12-2019,19:00:00,BOU,Bournemouth,"Selhurst Park, London",#CRYBOU,,,,,,,,,
LIV,Liverpool,04-12-2019,19:00:00,EVE,Everton,"Anfield, Liverpool",#LIVEVE,,,,,,,,,
SOU,Southampton,04-12-2019,18:45:00,NOR,Norwich City,"St. Mary's Stadium, Southampton",#SOUNOR,,,,,,,,,
VIL,Aston Villa,07-12-2019,14:00:00,LEI,Leicester City,"Villa Park, Birmingham",#VILLEI,,,,,,,,,
BOU,Bournemouth,07-12-2019,14:00:00,LIV,Liverpool,"Vitality Stadium, Bournemouth",#BOULIV,,,,,,,,,
BHA,Brighton & Hove Albion,07-12-2019,14:00:00,WOL,Wolverhampton Wanderers,"Amex Stadium, Falmer",#BHAWOL,,,,,,,,,
EVE,Everton,07-12-2019,14:00:00,CHE,Chelsea,"Goodison Park, Liverpool",#EVECHE,,,,,,,,,
MCI,Manchester City,07-12-2019,14:00:00,MUN,Manchester United,"Etihad Stadium, Manchester",#MCIMUN,,,,,,,,,
NEW,Newcastle United,07-12-2019,14:00:00,SOU,Southampton,"St. James' Park, Newcastle",#NEWSOU,,,,,,,,,
NOR,Norwich City,07-12-2019,14:00:00,SUN,Sheffield United,"Carrow Road, Norwich",#NORSUN,,,,,,,,,
TOT,Tottenham Hotspur,07-12-2019,14:00:00,BUR,Burnley,"Tottenham Hotspur Stadium, London",#TOTBUR,,,,,,,,,
WAT,Watford,07-12-2019,14:00:00,CRY,Crystal Palace,"Vicarage Road, Watford",#WATCRY,,,,,,,,,
WHU,West Ham United,07-12-2019,14:00:00,ARS,Arsenal,"London Stadium, London",#WHUARS,,,,,,,,,
ARS,Arsenal,14-12-2019,14:00:00,MCI,Manchester City,"Emirates Stadium, London",#ARSMCI,,,,,,,,,
BUR,Burnley,14-12-2019,14:00:00,NEW,Newcastle United,"Turf Moor, Burnley",#BURNEW,,,,,,,,,
CHE,Chelsea,14-12-2019,14:00:00,BOU,Bournemouth,"Stamford Bridge, London",#CHEBOU,,,,,,,,,
CRY,Crystal Palace,14-12-2019,14:00:00,BHA,Brighton & Hove Albion,"Selhurst Park, London",#CRYBHA,,,,,,,,,
LEI,Leicester City,14-12-2019,14:00:00,NOR,Norwich City,"King Power Stadium, Leicester",#LEINOR,,,,,,,,,
LIV,Liverpool,14-12-2019,14:00:00,WAT,Watford,"Anfield, Liverpool",#LIVWAT,,,,,,,,,
MUN,Manchester United,14-12-2019,14:00:00,EVE,Everton,"Old Trafford, Manchester",#MUNEVE,,,,,,,,,
SUN,Sheffield United,14-12-2019,14:00:00,VIL,Aston Villa,"Bramall Lane, Sheffield",#SUNVIL,,,,,,,,,
SOU,Southampton,14-12-2019,14:00:00,WHU,West Ham United,"St. Mary's Stadium, Southampton",#SOUWHU,,,,,,,,,
WOL,Wolverhampton Wanderers,14-12-2019,14:00:00,TOT,Tottenham Hotspur,"Molineux Stadium, Wolverhampton",#WOLTOT,,,,,,,,,
VIL,Aston Villa,21-12-2019,14:00:00,SOU,Southampton,"Villa Park, Birmingham",#VILSOU,,,,,,,,,
BOU,Bournemouth,21-12-2019,14:00:00,BUR,Burnley,"Vitality Stadium, Bournemouth",#BOUBUR,,,,,,,,,
BHA,Brighton & Hove Albion,21-12-2019,14:00:00,SUN,Sheffield United,"Amex Stadium, Falmer",#BHASUN,,,,,,,,,
EVE,Everton,21-12-2019,14:00:00,ARS,Arsenal,"Goodison Park, Liverpool",#EVEARS,,,,,,,,,
MCI,Manchester City,21-12-2019,14:00:00,LEI,Leicester City,"Etihad Stadium, Manchester",#MCILEI,,,,,,,,,
NEW,Newcastle United,21-12-2019,14:00:00,CRY,Crystal Palace,"St. James' Park, Newcastle",#NEWCRY,,,,,,,,,
NOR,Norwich City,21-12-2019,14:00:00,WOL,Wolverhampton Wanderers,"Carrow Road, Norwich",#NORWOL,,,,,,,,,
TOT,Tottenham Hotspur,21-12-2019,14:00:00,CHE,Chelsea,"Tottenham Hotspur Stadium, London",#TOTCHE,,,,,,,,,
WAT,Watford,21-12-2019,14:00:00,MUN,Manchester United,"Vicarage Road, Watford",#WATMUN,,,,,,,,,
WHU,West Ham United,21-12-2019,14:00:00,LIV,Liverpool,"London Stadium, London",#WHULIV,,,,,,,,,
VIL,Aston Villa,26-12-2019,14:00:00,NOR,Norwich City,"Villa Park, Birmingham",#VILNOR,,,,,,,,,
BOU,Bournemouth,26-12-2019,14:00:00,ARS,Arsenal,"Vitality Stadium, Bournemouth",#BOUARS,,,,,,,,,
CHE,Chelsea,26-12-2019,14:00:00,SOU,Southampton,"Stamford Bridge, London",#CHESOU,,,,,,,,,
CRY,Crystal Palace,26-12-2019,14:00:00,WHU,West Ham United,"Selhurst Park, London",#CRYWHU,,,,,,,,,
EVE,Everton,26-12-2019,14:00:00,BUR,Burnley,"Goodison Park, Liverpool",#EVEBUR,,,,,,,,,
LEI,Leicester City,26-12-2019,14:00:00,LIV,Liverpool,"King Power Stadium, Leicester",#LEILIV,,,,,,,,,
MUN,Manchester United,26-12-2019,14:00:00,NEW,Newcastle United,"Old Trafford, Manchester",#MUNNEW,,,,,,,,,
SUN,Sheffield United,26-12-2019,14:00:00,WAT,Watford,"Bramall Lane, Sheffield",#SUNWAT,,,,,,,,,
TOT,Tottenham Hotspur,26-12-2019,14:00:00,BHA,Brighton & Hove Albion,"Tottenham Hotspur Stadium, London",#TOTBHA,,,,,,,,,
WOL,Wolverhampton Wanderers,26-12-2019,14:00:00,MCI,Manchester City,"Molineux Stadium, Wolverhampton",#WOLMCI,,,,,,,,,
ARS,Arsenal,28-12-2019,14:00:00,CHE,Chelsea,"Emirates Stadium, London",#ARSCHE,,,,,,,,,
BHA,Brighton & Hove Albion,28-12-2019,14:00:00,BOU,Bournemouth,"Amex Stadium, Falmer",#BHABOU,,,,,,,,,
BUR,Burnley,28-12-2019,14:00:00,MUN,Manchester United,"Turf Moor, Burnley",#BURMUN,,,,,,,,,
LIV,Liverpool,28-12-2019,14:00:00,WOL,Wolverhampton Wanderers,"Anfield, Liverpool",#LIVWOL,,,,,,,,,
MCI,Manchester City,28-12-2019,14:00:00,SUN,Sheffield United,"Etihad Stadium, Manchester",#MCISUN,,,,,,,,,
NEW,Newcastle United,28-12-2019,14:00:00,EVE,Everton,"St. James' Park, Newcastle",#NEWEVE,,,,,,,,,
NOR,Norwich City,28-12-2019,14:00:00,TOT,Tottenham Hotspur,"Carrow Road, Norwich",#NORTOT,,,,,,,,,
SOU,Southampton,28-12-2019,14:00:00,CRY,Crystal Palace,"St. Mary's Stadium, Southampton",#SOUCRY,,,,,,,,,
WAT,Watford,28-12-2019,14:00:00,VIL,Aston Villa,"Vicarage Road, Watford",#WATVIL,,,,,,,,,
WHU,West Ham United,28-12-2019,14:00:00,LEI,Leicester City,"London Stadium, London",#WHULEI,,,,,,,,,
ARS,Arsenal,01-01-2020,14:00:00,MUN,Manchester United,"Emirates Stadium, London",#ARSMUN,,,,,,,,,
BHA,Brighton & Hove Albion,01-01-2020,14:00:00,CHE,Chelsea,"Amex Stadium, Falmer",#BHACHE,,,,,,,,,
BUR,Burnley,01-01-2020,14:00:00,VIL,Aston Villa,"Turf Moor, Burnley",#BURVIL,,,,,,,,,
LIV,Liverpool,01-01-2020,14:00:00,SUN,Sheffield United,"Anfield, Liverpool",#LIVSUN,,,,,,,,,
MCI,Manchester City,01-01-2020,14:00:00,EVE,Everton,"Etihad Stadium, Manchester",#MCIEVE,,,,,,,,,
NEW,Newcastle United,01-01-2020,14:00:00,LEI,Leicester City,"St. James' Park, Newcastle",#NEWLEI,,,,,,,,,
NOR,Norwich City,01-01-2020,14:00:00,CRY,Crystal Palace,"Carrow Road, Norwich",#NORCRY,,,,,,,,,
SOU,Southampton,01-01-2020,14:00:00,TOT,Tottenham Hotspur,"St. Mary's Stadium, Southampton",#SOUTOT,,,,,,,,,
WAT,Watford,01-01-2020,14:00:00,WOL,Wolverhampton Wanderers,"Vicarage Road, Watford",#WATWOL,,,,,,,,,
WHU,West Ham United,01-01-2020,14:00:00,BOU,Bournemouth,"London Stadium, London",#WHUBOU,,,,,,,,,
VIL,Aston Villa,11-01-2020,14:00:00,MCI,Manchester City,"Villa Park, Birmingham",#VILMCI,,,,,,,,,
BOU,Bournemouth,11-01-2020,14:00:00,WAT,Watford,"Vitality Stadium, Bournemouth",#BOUWAT,,,,,,,,,
CHE,Chelsea,11-01-2020,14:00:00,BUR,Burnley,"Stamford Bridge, London",#CHEBUR,,,,,,,,,
CRY,Crystal Palace,11-01-2020,14:00:00,ARS,Arsenal,"Selhurst Park, London",#CRYARS,,,,,,,,,
EVE,Everton,11-01-2020,14:00:00,BHA,Brighton & Hove Albion,"Goodison Park, Liverpool",#EVEBHA,,,,,,,,,
LEI,Leicester City,11-01-2020,14:00:00,SOU,Southampton,"King Power Stadium, Leicester",#LEISOU,,,,,,,,,
MUN,Manchester United,11-01-2020,14:00:00,NOR,Norwich City,"Old Trafford, Manchester",#MUNNOR,,,,,,,,,
SUN,Sheffield United,11-01-2020,14:00:00,WHU,West Ham United,"Bramall Lane, Sheffield",#SUNWHU,,,,,,,,,
TOT,Tottenham Hotspur,11-01-2020,14:00:00,LIV,Liverpool,"Tottenham Hotspur Stadium, London",#TOTLIV,,,,,,,,,
WOL,Wolverhampton Wanderers,11-01-2020,14:00:00,NEW,Newcastle United,"Molineux Stadium, Wolverhampton",#WOLNEW,,,,,,,,,
ARS,Arsenal,18-01-2020,14:00:00,SUN,Sheffield United,"Emirates Stadium, London",#ARSSUN,,,,,,,,,
BHA,Brighton & Hove Albion,18-01-2020,14:00:00,VIL,Aston Villa,"Amex Stadium, Falmer",#BHAVIL,,,,,,,,,
BUR,Burnley,18-01-2020,14:00:00,LEI,Leicester City,"Turf Moor, Burnley",#BURLEI,,,,,,,,,
LIV,Liverpool,18-01-2020,14:00:00,MUN,Manchester United,"Anfield, Liverpool",#LIVMUN,,,,,,,,,
MCI,Manchester City,18-01-2020,14:00:00,CRY,Crystal Palace,"Etihad Stadium, Manchester",#MCICRY,,,,,,,,,
NEW,Newcastle United,18-01-2020,14:00:00,CHE,Chelsea,"St. James' Park, Newcastle",#NEWCHE,,,,,,,,,
NOR,Norwich City,18-01-2020,14:00:00,BOU,Bournemouth,"Carrow Road, Norwich",#NORBOU,,,,,,,,,
SOU,Southampton,18-01-2020,14:00:00,WOL,Wolverhampton Wanderers,"St. Mary's Stadium, Southampton",#SOUWOL,,,,,,,,,
WAT,Watford,18-01-2020,14:00:00,TOT,Tottenham Hotspur,"Vicarage Road, Watford",#WATTOT,,,,,,,,,
WHU,West Ham United,18-01-2020,14:00:00,EVE,Everton,"London Stadium, London",#WHUEVE,,,,,,,,,
VIL,Aston Villa,21-01-2020,18:45:00,WAT,Watford,"Villa Park, Birmingham",#VILWAT,,,,,,,,,
BOU,Bournemouth,21-01-2020,18:45:00,BHA,Brighton & Hove Albion,"Vitality Stadium, Bournemouth",#BOUBHA,,,,,,,,,
EVE,Everton,21-01-2020,18:45:00,NEW,Newcastle United,"Goodison Park, Liverpool",#EVENEW,,,,,,,,,
LEI,Leicester City,21-01-2020,18:45:00,WHU,West Ham United,"King Power Stadium, Leicester",#LEIWHU,,,,,,,,,
MUN,Manchester United,21-01-2020,19:00:00,BUR,Burnley,"Old Trafford, Manchester",#MUNBUR,,,,,,,,,
SUN,Sheffield United,21-01-2020,18:45:00,MCI,Manchester City,"Bramall Lane, Sheffield",#SUNMCI,,,,,,,,,
WOL,Wolverhampton Wanderers,21-01-2020,18:45:00,LIV,Liverpool,"Molineux Stadium, Wolverhampton",#WOLLIV,,,,,,,,,
CHE,Chelsea,22-01-2020,18:45:00,ARS,Arsenal,"Stamford Bridge, London",#CHEARS,,,,,,,,,
CRY,Crystal Palace,22-01-2020,19:00:00,SOU,Southampton,"Selhurst Park, London",#CRYSOU,,,,,,,,,
TOT,Tottenham Hotspur,22-01-2020,18:45:00,NOR,Norwich City,"Tottenham Hotspur Stadium, London",#TOTNOR,,,,,,,,,
BOU,Bournemouth,01-02-2020,14:00:00,VIL,Aston Villa,"Vitality Stadium, Bournemouth",#BOUVIL,,,,,,,,,
BUR,Burnley,01-02-2020,14:00:00,ARS,Arsenal,"Turf Moor, Burnley",#BURARS,,,,,,,,,
CRY,Crystal Palace,01-02-2020,14:00:00,SUN,Sheffield United,"Selhurst Park, London",#CRYSUN,,,,,,,,,
LEI,Leicester City,01-02-2020,14:00:00,CHE,Chelsea,"King Power Stadium, Leicester",#LEICHE,,,,,,,,,
LIV,Liverpool,01-02-2020,14:00:00,SOU,Southampton,"Anfield, Liverpool",#LIVSOU,,,,,,,,,
MUN,Manchester United,01-02-2020,14:00:00,WOL,Wolverhampton Wanderers,"Old Trafford, Manchester",#MUNWOL,,,,,,,,,
NEW,Newcastle United,01-02-2020,14:00:00,NOR,Norwich City,"St. James' Park, Newcastle",#NEWNOR,,,,,,,,,
TOT,Tottenham Hotspur,01-02-2020,14:00:00,MCI,Manchester City,"Tottenham Hotspur Stadium, London",#TOTMCI,,,,,,,,,
WAT,Watford,01-02-2020,14:00:00,EVE,Everton,"Vicarage Road, Watford",#WATEVE,,,,,,,,,
WHU,West Ham United,01-02-2020,14:00:00,BHA,Brighton & Hove Albion,"London Stadium, London",#WHUBHA,,,,,,,,,
ARS,Arsenal,08-02-2020,14:00:00,NEW,Newcastle United,"Emirates Stadium, London",#ARSNEW,,,,,,,,,
VIL,Aston Villa,08-02-2020,14:00:00,TOT,Tottenham Hotspur,"Villa Park, Birmingham",#VILTOT,,,,,,,,,
BHA,Brighton & Hove Albion,08-02-2020,14:00:00,WAT,Watford,"Amex Stadium, Falmer",#BHAWAT,,,,,,,,,
CHE,Chelsea,08-02-2020,14:00:00,MUN,Manchester United,"Stamford Bridge, London",#CHEMUN,,,,,,,,,
EVE,Everton,08-02-2020,14:00:00,CRY,Crystal Palace,"Goodison Park, Liverpool",#EVECRY,,,,,,,,,
MCI,Manchester City,08-02-2020,14:00:00,WHU,West Ham United,"Etihad Stadium, Manchester",#MCIWHU,,,,,,,,,
NOR,Norwich City,08-02-2020,14:00:00,LIV,Liverpool,"Carrow Road, Norwich",#NORLIV,,,,,,,,,
SUN,Sheffield United,08-02-2020,14:00:00,BOU,Bournemouth,"Bramall Lane, Sheffield",#SUNBOU,,,,,,,,,
SOU,Southampton,08-02-2020,14:00:00,BUR,Burnley,"St. Mary's Stadium, Southampton",#SOUBUR,,,,,,,,,
WOL,Wolverhampton Wanderers,08-02-2020,14:00:00,LEI,Leicester City,"Molineux Stadium, Wolverhampton",#WOLLEI,,,,,,,,,
ARS,Arsenal,22-02-2020,14:00:00,EVE,Everton,"Emirates Stadium, London",#ARSEVE,,,,,,,,,
BUR,Burnley,22-02-2020,14:00:00,BOU,Bournemouth,"Turf Moor, Burnley",#BURBOU,,,,,,,,,
CHE,Chelsea,22-02-2020,14:00:00,TOT,Tottenham Hotspur,"Stamford Bridge, London",#CHETOT,,,,,,,,,
CRY,Crystal Palace,22-02-2020,14:00:00,NEW,Newcastle United,"Selhurst Park, London",#CRYNEW,,,,,,,,,
LEI,Leicester City,22-02-2020,14:00:00,MCI,Manchester City,"King Power Stadium, Leicester",#LEIMCI,,,,,,,,,
LIV,Liverpool,22-02-2020,14:00:00,WHU,West Ham United,"Anfield, Liverpool",#LIVWHU,,,,,,,,,
MUN,Manchester United,22-02-2020,14:00:00,WAT,Watford,"Old Trafford, Manchester",#MUNWAT,,,,,,,,,
SUN,Sheffield United,22-02-2020,14:00:00,BHA,Brighton & Hove Albion,"Bramall Lane, Sheffield",#SUNBHA,,,,,,,,,
SOU,Southampton,22-02-2020,14:00:00,VIL,Aston Villa,"St. Mary's Stadium, Southampton",#SOUVIL,,,,,,,,,
WOL,Wolverhampton Wanderers,22-02-2020,14:00:00,NOR,Norwich City,"Molineux Stadium, Wolverhampton",#WOLNOR,,,,,,,,,
VIL,Aston Villa,29-02-2020,14:00:00,SUN,Sheffield United,"Villa Park, Birmingham",#VILSUN,,,,,,,,,
BOU,Bournemouth,29-02-2020,14:00:00,CHE,Chelsea,"Vitality Stadium, Bournemouth",#BOUCHE,,,,,,,,,
BHA,Brighton & Hove Albion,29-02-2020,14:00:00,CRY,Crystal Palace,"Amex Stadium, Falmer",#BHACRY,,,,,,,,,
EVE,Everton,29-02-2020,14:00:00,MUN,Manchester United,"Goodison Park, Liverpool",#EVEMUN,,,,,,,,,
MCI,Manchester City,29-02-2020,14:00:00,ARS,Arsenal,"Etihad Stadium, Manchester",#MCIARS,,,,,,,,,
NEW,Newcastle United,29-02-2020,14:00:00,BUR,Burnley,"St. James' Park, Newcastle",#NEWBUR,,,,,,,,,
NOR,Norwich City,29-02-2020,14:00:00,LEI,Leicester City,"Carrow Road, Norwich",#NORLEI,,,,,,,,,
TOT,Tottenham Hotspur,29-02-2020,14:00:00,WOL,Wolverhampton Wanderers,"Tottenham Hotspur Stadium, London",#TOTWOL,,,,,,,,,
WAT,Watford,29-02-2020,14:00:00,LIV,Liverpool,"Vicarage Road, Watford",#WATLIV,,,,,,,,,
WHU,West Ham United,29-02-2020,14:00:00,SOU,Southampton,"London Stadium, London",#WHUSOU,,,,,,,,,
ARS,Arsenal,07-03-2020,14:00:00,WHU,West Ham United,"Emirates Stadium, London",#ARSWHU,,,,,,,,,
BUR,Burnley,07-03-2020,14:00:00,TOT,Tottenham Hotspur,"Turf Moor, Burnley",#BURTOT,,,,,,,,,
CHE,Chelsea,07-03-2020,14:00:00,EVE,Everton,"Stamford Bridge, London",#CHEEVE,,,,,,,,,
CRY,Crystal Palace,07-03-2020,14:00:00,WAT,Watford,"Selhurst Park, London",#CRYWAT,,,,,,,,,
LEI,Leicester City,07-03-2020,14:00:00,VIL,Aston Villa,"King Power Stadium, Leicester",#LEIVIL,,,,,,,,,
LIV,Liverpool,07-03-2020,14:00:00,BOU,Bournemouth,"Anfield, Liverpool",#LIVBOU,,,,,,,,,
MUN,Manchester United,07-03-2020,14:00:00,MCI,Manchester City,"Old Trafford, Manchester",#MUNMCI,,,,,,,,,
SUN,Sheffield United,07-03-2020,14:00:00,NOR,Norwich City,"Bramall Lane, Sheffield",#SUNNOR,,,,,,,,,
SOU,Southampton,07-03-2020,14:00:00,NEW,Newcastle United,"St. Mary's Stadium, Southampton",#SOUNEW,,,,,,,,,
WOL,Wolverhampton Wanderers,07-03-2020,14:00:00,BHA,Brighton & Hove Albion,"Molineux Stadium, Wolverhampton",#WOLBHA,,,,,,,,,
VIL,Aston Villa,14-03-2020,14:00:00,CHE,Chelsea,"Villa Park, Birmingham",#VILCHE,,,,,,,,,
BOU,Bournemouth,14-03-2020,14:00:00,CRY,Crystal Palace,"Vitality Stadium, Bournemouth",#BOUCRY,,,,,,,,,
BHA,Brighton & Hove Albion,14-03-2020,14:00:00,ARS,Arsenal,"Amex Stadium, Falmer",#BHAARS,,,,,,,,,
EVE,Everton,14-03-2020,14:00:00,LIV,Liverpool,"Goodison Park, Liverpool",#EVELIV,,,,,,,,,
MCI,Manchester City,14-03-2020,14:00:00,BUR,Burnley,"Etihad Stadium, Manchester",#MCIBUR,,,,,,,,,
NEW,Newcastle United,14-03-2020,14:00:00,SUN,Sheffield United,"St. James' Park, Newcastle",#NEWSUN,,,,,,,,,
NOR,Norwich City,14-03-2020,14:00:00,SOU,Southampton,"Carrow Road, Norwich",#NORSOU,,,,,,,,,
TOT,Tottenham Hotspur,14-03-2020,14:00:00,MUN,Manchester United,"Tottenham Hotspur Stadium, London",#TOTMUN,,,,,,,,,
WAT,Watford,14-03-2020,14:00:00,LEI,Leicester City,"Vicarage Road, Watford",#WATLEI,,,,,,,,,
WHU,West Ham United,14-03-2020,14:00:00,WOL,Wolverhampton Wanderers,"London Stadium, London",#WHUWOL,,,,,,,,,
BUR,Burnley,21-03-2020,14:00:00,WAT,Watford,"Turf Moor, Burnley",#BURWAT,,,,,,,,,
CHE,Chelsea,21-03-2020,14:00:00,MCI,Manchester City,"Stamford Bridge, London",#CHEMCI,,,,,,,,,
LEI,Leicester City,21-03-2020,14:00:00,BHA,Brighton & Hove Albion,"King Power Stadium, Leicester",#LEIBHA,,,,,,,,,
LIV,Liverpool,21-03-2020,14:00:00,CRY,Crystal Palace,"Anfield, Liverpool",#LIVCRY,,,,,,,,,
MUN,Manchester United,21-03-2020,14:00:00,SUN,Sheffield United,"Old Trafford, Manchester",#MUNSUN,,,,,,,,,
NEW,Newcastle United,21-03-2020,14:00:00,VIL,Aston Villa,"St. James' Park, Newcastle",#NEWVIL,,,,,,,,,
NOR,Norwich City,21-03-2020,14:00:00,EVE,Everton,"Carrow Road, Norwich",#NOREVE,,,,,,,,,
SOU,Southampton,21-03-2020,14:00:00,ARS,Arsenal,"St. Mary's Stadium, Southampton",#SOUARS,,,,,,,,,
TOT,Tottenham Hotspur,21-03-2020,14:00:00,WHU,West Ham United,"Tottenham Hotspur Stadium, London",#TOTWHU,,,,,,,,,
WOL,Wolverhampton Wanderers,21-03-2020,14:00:00,BOU,Bournemouth,"Molineux Stadium, Wolverhampton",#WOLBOU,,,,,,,,,
ARS,Arsenal,04-04-2020,15:00:00,NOR,Norwich City,"Emirates Stadium, London",#ARSNOR,,,,,,,,,
VIL,Aston Villa,04-04-2020,15:00:00,WOL,Wolverhampton Wanderers,"Villa Park, Birmingham",#VILWOL,,,,,,,,,
BOU,Bournemouth,04-04-2020,15:00:00,NEW,Newcastle United,"Vitality Stadium, Bournemouth",#BOUNEW,,,,,,,,,
BHA,Brighton & Hove Albion,04-04-2020,15:00:00,MUN,Manchester United,"Amex Stadium, Falmer",#BHAMUN,,,,,,,,,
CRY,Crystal Palace,04-04-2020,15:00:00,BUR,Burnley,"Selhurst Park, London",#CRYBUR,,,,,,,,,
EVE,Everton,04-04-2020,15:00:00,LEI,Leicester City,"Goodison Park, Liverpool",#EVELEI,,,,,,,,,
MCI,Manchester City,04-04-2020,15:00:00,LIV,Liverpool,"Etihad Stadium, Manchester",#MCILIV,,,,,,,,,
SUN,Sheffield United,04-04-2020,15:00:00,TOT,Tottenham Hotspur,"Bramall Lane, Sheffield",#SUNTOT,,,,,,,,,
WAT,Watford,04-04-2020,15:00:00,SOU,Southampton,"Vicarage Road, Watford",#WATSOU,,,,,,,,,
WHU,West Ham United,04-04-2020,15:00:00,CHE,Chelsea,"London Stadium, London",#WHUCHE,,,,,,,,,
BUR,Burnley,11-04-2020,15:00:00,SUN,Sheffield United,"Turf Moor, Burnley",#BURSUN,,,,,,,,,
CHE,Chelsea,11-04-2020,15:00:00,WAT,Watford,"Stamford Bridge, London",#CHEWAT,,,,,,,,,
LEI,Leicester City,11-04-2020,15:00:00,CRY,Crystal Palace,"King Power Stadium, Leicester",#LEICRY,,,,,,,,,
LIV,Liverpool,11-04-2020,15:00:00,VIL,Aston Villa,"Anfield, Liverpool",#LIVVIL,,,,,,,,,
MUN,Manchester United,11-04-2020,15:00:00,BOU,Bournemouth,"Old Trafford, Manchester",#MUNBOU,,,,,,,,,
NEW,Newcastle United,11-04-2020,15:00:00,WHU,West Ham United,"St. James' Park, Newcastle",#NEWWHU,,,,,,,,,
NOR,Norwich City,11-04-2020,15:00:00,BHA,Brighton & Hove Albion,"Carrow Road, Norwich",#NORBHA,,,,,,,,,
SOU,Southampton,11-04-2020,15:00:00,MCI,Manchester City,"St. Mary's Stadium, Southampton",#SOUMCI,,,,,,,,,
TOT,Tottenham Hotspur,11-04-2020,15:00:00,EVE,Everton,"Tottenham Hotspur Stadium, London",#TOTEVE,,,,,,,,,
WOL,Wolverhampton Wanderers,11-04-2020,15:00:00,ARS,Arsenal,"Molineux Stadium, Wolverhampton",#WOLARS,,,,,,,,,
ARS,Arsenal,18-04-2020,15:00:00,LEI,Leicester City,"Emirates Stadium, London",#ARSLEI,,,,,,,,,
VIL,Aston Villa,18-04-2020,15:00:00,MUN,Manchester United,"Villa Park, Birmingham",#VILMUN,,,,,,,,,
BOU,Bournemouth,18-04-2020,15:00:00,TOT,Tottenham Hotspur,"Vitality Stadium, Bournemouth",#BOUTOT,,,,,,,,,
BHA,Brighton & Hove Albion,18-04-2020,15:00:00,LIV,Liverpool,"Amex Stadium, Falmer",#BHALIV,,,,,,,,,
CRY,Crystal Palace,18-04-2020,15:00:00,CHE,Chelsea,"Selhurst Park, London",#CRYCHE,,,,,,,,,
EVE,Everton,18-04-2020,15:00:00,SOU,Southampton,"Goodison Park, Liverpool",#EVESOU,,,,,,,,,
MCI,Manchester City,18-04-2020,15:00:00,NEW,Newcastle United,"Etihad Stadium, Manchester",#MCINEW,,,,,,,,,
SUN,Sheffield United,18-04-2020,15:00:00,WOL,Wolverhampton Wanderers,"Bramall Lane, Sheffield",#SUNWOL,,,,,,,,,
WAT,Watford,18-04-2020,15:00:00,NOR,Norwich City,"Vicarage Road, Watford",#WATNOR,,,,,,,,,
WHU,West Ham United,18-04-2020,15:00:00,BUR,Burnley,"London Stadium, London",#WHUBUR,,,,,,,,,
VIL,Aston Villa,25-04-2020,15:00:00,CRY,Crystal Palace,"Villa Park, Birmingham",#VILCRY,,,,,,,,,
BOU,Bournemouth,25-04-2020,15:00:00,LEI,Leicester City,"Vitality Stadium, Bournemouth",#BOULEI,,,,,,,,,
BHA,Brighton & Hove Albion,25-04-2020,15:00:00,MCI,Manchester City,"Amex Stadium, Falmer",#BHAMCI,,,,,,,,,
LIV,Liverpool,25-04-2020,15:00:00,BUR,Burnley,"Anfield, Liverpool",#LIVBUR,,,,,,,,,
MUN,Manchester United,25-04-2020,15:00:00,SOU,Southampton,"Old Trafford, Manchester",#MUNSOU,,,,,,,,,
NOR,Norwich City,25-04-2020,15:00:00,WHU,West Ham United,"Carrow Road, Norwich",#NORWHU,,,,,,,,,
SUN,Sheffield United,25-04-2020,15:00:00,CHE,Chelsea,"Bramall Lane, Sheffield",#SUNCHE,,,,,,,,,
TOT,Tottenham Hotspur,25-04-2020,15:00:00,ARS,Arsenal,"Tottenham Hotspur Stadium, London",#TOTARS,,,,,,,,,
WAT,Watford,25-04-2020,15:00:00,NEW,Newcastle United,"Vicarage Road, Watford",#WATNEW,,,,,,,,,
WOL,Wolverhampton Wanderers,25-04-2020,15:00:00,EVE,Everton,"Molineux Stadium, Wolverhampton",#WOLEVE,,,,,,,,,
ARS,Arsenal,02-05-2020,15:00:00,LIV,Liverpool,"Emirates Stadium, London",#ARSLIV,,,,,,,,,
BUR,Burnley,02-05-2020,15:00:00,WOL,Wolverhampton Wanderers,"Turf Moor, Burnley",#BURWOL,,,,,,,,,
CHE,Chelsea,02-05-2020,15:00:00,NOR,Norwich City,"Stamford Bridge, London",#CHENOR,,,,,,,,,
CRY,Crystal Palace,02-05-2020,15:00:00,MUN,Manchester United,"Selhurst Park, London",#CRYMUN,,,,,,,,,
EVE,Everton,02-05-2020,15:00:00,VIL,Aston Villa,"Goodison Park, Liverpool",#EVEVIL,,,,,,,,,
LEI,Leicester City,02-05-2020,15:00:00,SUN,Sheffield United,"King Power Stadium, Leicester",#LEISUN,,,,,,,,,
MCI,Manchester City,02-05-2020,15:00:00,BOU,Bournemouth,"Etihad Stadium, Manchester",#MCIBOU,,,,,,,,,
NEW,Newcastle United,02-05-2020,15:00:00,TOT,Tottenham Hotspur,"St. James' Park, Newcastle",#NEWTOT,,,,,,,,,
SOU,Southampton,02-05-2020,15:00:00,BHA,Brighton & Hove Albion,"St. Mary's Stadium, Southampton",#SOUBHA,,,,,,,,,
WHU,West Ham United,02-05-2020,15:00:00,WAT,Watford,"London Stadium, London",#WHUWAT,,,,,,,,,
VIL,Aston Villa,09-05-2020,15:00:00,ARS,Arsenal,"Villa Park, Birmingham",#VILARS,,,,,,,,,
BOU,Bournemouth,09-05-2020,15:00:00,SOU,Southampton,"Vitality Stadium, Bournemouth",#BOUSOU,,,,,,,,,
BHA,Brighton & Hove Albion,09-05-2020,15:00:00,NEW,Newcastle United,"Amex Stadium, Falmer",#BHANEW,,,,,,,,,
LIV,Liverpool,09-05-2020,15:00:00,CHE,Chelsea,"Anfield, Liverpool",#LIVCHE,,,,,,,,,
MUN,Manchester United,09-05-2020,15:00:00,WHU,West Ham United,"Old Trafford, Manchester",#MUNWHU,,,,,,,,,
NOR,Norwich City,09-05-2020,15:00:00,BUR,Burnley,"Carrow Road, Norwich",#NORBUR,,,,,,,,,
SUN,Sheffield United,09-05-2020,15:00:00,EVE,Everton,"Bramall Lane, Sheffield",#SUNEVE,,,,,,,,,
TOT,Tottenham Hotspur,09-05-2020,15:00:00,LEI,Leicester City,"Tottenham Hotspur Stadium, London",#TOTLEI,,,,,,,,,
WAT,Watford,09-05-2020,15:00:00,MCI,Manchester City,"Vicarage Road, Watford",#WATMCI,,,,,,,,,
WOL,Wolverhampton Wanderers,09-05-2020,15:00:00,CRY,Crystal Palace,"Molineux Stadium, Wolverhampton",#WOLCRY,,,,,,,,,
ARS,Arsenal,17-05-2020,15:00:00,WAT,Watford,"Emirates Stadium, London",#ARSWAT,,,,,,,,,
BUR,Burnley,17-05-2020,15:00:00,BHA,Brighton & Hove Albion,"Turf Moor, Burnley",#BURBHA,,,,,,,,,
CHE,Chelsea,17-05-2020,15:00:00,WOL,Wolverhampton Wanderers,"Stamford Bridge, London",#CHEWOL,,,,,,,,,
CRY,Crystal Palace,17-05-2020,15:00:00,TOT,Tottenham Hotspur,"Selhurst Park, London",#CRYTOT,,,,,,,,,
EVE,Everton,17-05-2020,15:00:00,BOU,Bournemouth,"Goodison Park, Liverpool",#EVEBOU,,,,,,,,,
LEI,Leicester City,17-05-2020,15:00:00,MUN,Manchester United,"King Power Stadium, Leicester",#LEIMUN,,,,,,,,,
MCI,Manchester City,17-05-2020,15:00:00,NOR,Norwich City,"Etihad Stadium, Manchester",#MCINOR,,,,,,,,,
NEW,Newcastle United,17-05-2020,15:00:00,LIV,Liverpool,"St. James' Park, Newcastle",#NEWLIV,,,,,,,,,
SOU,Southampton,17-05-2020,15:00:00,SUN,Sheffield United,"St. Mary's Stadium, Southampton",#SOUSUN,,,,,,,,,
WHU,West Ham United,17-05-2020,15:00:00,VIL,Aston Villa,"London Stadium, London",#WHUVIL,,,,,,,,,
,,,,,,,,,,,,,,,,
,,,,,,,,,,,,,,,,
